{
  "experiment": "experiment_014",
  "active_cameras": [
    "camera_0",
    "camera_1",
    "camera_2"
  ],
  "before_optimization": {
    "camera_translation_rmse": 2.7465400791133446e-15,
    "camera_rotation_rmse_deg": 1.272221872585407e-14,
    "trajectory_rmse": 2.839388720465804,
    "reprojection_rmse": 1.1823024675769926,
    "trajectory_rmse_aligned": 0.01864051562298612,
    "camera_translation_rmse_aligned": 8.394247675376798,
    "scale_estimate": 1.0033452138568832,
    "num_timesteps": 80,
    "num_cameras": 3
  },
  "after_optimization": {
    "camera_translation_rmse": 4.461539496650092,
    "camera_rotation_rmse_deg": 1.1410731173748334,
    "trajectory_rmse": 4.406342331996163,
    "reprojection_rmse": 1.102734975169627,
    "trajectory_rmse_aligned": 0.020980165597263678,
    "camera_translation_rmse_aligned": 8.313676388448023,
    "scale_estimate": 4.747025223797427,
    "num_timesteps": 80,
    "num_cameras": 3
  },
  "bundle_adjustment": {
    "success": true,
    "cost": 103.22062537982978,
    "nfev": 20,
    "reprojection_rmse": 0.6393338188284731
  }
}
